{"data": [{"id": "10.13020/d67g6p", "type": "dois", "attributes": {"doi": "10.13020/d67g6p", "identifiers": [], "creators": [{"name": "Danzeisen, Jessica", "nameType": "Personal", "givenName": "Jessica", "familyName": "Danzeisen", "affiliation": [], "nameIdentifiers": []}, {"name": "Clayton, Jonathan", "nameType": "Personal", "givenName": "Jonathan", "familyName": "Clayton", "affiliation": [], "nameIdentifiers": []}, {"name": "Huang, Hu", "nameType": "Personal", "givenName": "Hu", "familyName": "Huang", "affiliation": [], "nameIdentifiers": []}, {"name": "Knights, Dan", "nameType": "Personal", "givenName": "Dan", "familyName": "Knights", "affiliation": [], "nameIdentifiers": []}, {"name": "McComb, Brian", "nameType": "Personal", "givenName": "Brian", "familyName": "McComb", "affiliation": [], "nameIdentifiers": []}, {"name": "Hayer, Shivdeep", "nameType": "Personal", "givenName": "Shivdeep", "familyName": "Hayer", "affiliation": [], "nameIdentifiers": []}, {"name": "Johnson, Timothy", "nameType": "Personal", "givenName": "Timothy", "familyName": "Johnson", "affiliation": [], "nameIdentifiers": []}], "titles": [{"title": "Relationships between cecum, ileum and litter bacterial microbiomes in a commercial turkey flock, and the impact of penicillin treatment on early bacterial community establishment"}], "publisher": "Data Repository for the University of Minnesota (DRUM)", "container": {}, "publicationYear": 2015, "subjects": [], "contributors": [], "dates": [{"date": "2015", "dateType": "Issued"}], "language": null, "types": {"ris": "DATA", "bibtex": "misc", "citeproc": "dataset", "schemaOrg": "Dataset", "resourceType": "Dataset", "resourceTypeGeneral": "Dataset"}, "relatedIdentifiers": [], "sizes": [], "formats": [], "version": null, "rightsList": [{"rights": "CC0 1.0 Universal", "rightsUri": "http://creativecommons.org/publicdomain/zero/1.0"}], "descriptions": [], "geoLocations": [], "fundingReferences": [], "url": "https://conservancy.umn.edu/handle/11299/174930", "contentUrl": null, "metadataVersion": 1, "schemaVersion": null, "source": null, "isActive": true, "state": "findable", "reason": null, "viewCount": 0, "downloadCount": 0, "referenceCount": 0, "citationCount": 0, "partCount": 0, "partOfCount": 0, "versionCount": 0, "versionOfCount": 0, "created": "2015-11-02T16:30:14.000Z", "registered": "2015-11-02T16:30:15.000Z", "published": "2015", "updated": "2020-09-20T22:08:59.000Z"}, "relationships": {"client": {"data": {"id": "umn.drum", "type": "clients"}}}}, {"id": "10.13020/d6ms32", "type": "dois", "attributes": {"doi": "10.13020/d6ms32", "identifiers": [], "creators": [{"name": "Garbe, John R.", "nameType": "Personal", "givenName": "John R.", "familyName": "Garbe", "affiliation": [], "nameIdentifiers": []}, {"name": "Da, Yang", "nameType": "Personal", "givenName": "Yang", "familyName": "Da", "affiliation": [], "nameIdentifiers": []}], "titles": [{"title": "Single Nucleotide Polymorphism Calls for 49 Giant Pandas"}], "publisher": "Data Repository for the University of Minnesota (DRUM)", "container": {}, "publicationYear": 2015, "subjects": [], "contributors": [], "dates": [{"date": "2015", "dateType": "Issued"}], "language": null, "types": {"ris": "DATA", "bibtex": "misc", "citeproc": "dataset", "schemaOrg": "Dataset", "resourceType": "Dataset", "resourceTypeGeneral": "Dataset"}, "relatedIdentifiers": [], "sizes": [], "formats": [], "version": null, "rightsList": [{"rights": "CC0 1.0 Universal (CC0 1.0)  Public Domain Dedication", "rightsUri": "http://creativecommons.org/publicdomain/zero/1.0"}], "descriptions": [{"descriptionType": "Abstract"}], "geoLocations": [], "fundingReferences": [], "url": "http://hdl.handle.net/11299/174479", "contentUrl": null, "metadataVersion": 1, "schemaVersion": null, "source": null, "isActive": true, "state": "findable", "reason": null, "viewCount": 0, "downloadCount": 0, "referenceCount": 0, "citationCount": 0, "partCount": 0, "partOfCount": 0, "versionCount": 0, "versionOfCount": 0, "created": "2015-10-05T15:13:04.000Z", "registered": "2015-10-05T15:13:05.000Z", "published": "2015", "updated": "2020-09-20T22:08:09.000Z"}, "relationships": {"client": {"data": {"id": "umn.drum", "type": "clients"}}}}, {"id": "10.13020/d6w888", "type": "dois", "attributes": {"doi": "10.13020/d6w888", "identifiers": [], "creators": [{"name": "Perreault, Brent M.", "nameType": "Personal", "givenName": "Brent M.", "familyName": "Perreault", "affiliation": [], "nameIdentifiers": []}], "titles": [{"title": "MATLAB Code: Raman Scattering Intensity for Quadratic Hamiltonians"}], "publisher": "Data Repository for the University of Minnesota (DRUM)", "container": {}, "publicationYear": 2015, "subjects": [], "contributors": [], "dates": [{"date": "2015", "dateType": "Issued"}], "language": null, "types": {"ris": "DATA", "bibtex": "misc", "citeproc": "dataset", "schemaOrg": "Dataset", "resourceType": "Dataset", "resourceTypeGeneral": "Dataset"}, "relatedIdentifiers": [], "sizes": [], "formats": [], "version": null, "rightsList": [{"rights": "CC0 1.0 Public Domain Dedication", "rightsUri": "http://creativecommons.org/publicdomain/zero/1.0"}], "descriptions": [], "geoLocations": [], "fundingReferences": [], "url": "http://hdl.handle.net/11299/174405", "contentUrl": null, "metadataVersion": 1, "schemaVersion": null, "source": null, "isActive": true, "state": "findable", "reason": null, "viewCount": 0, "downloadCount": 0, "referenceCount": 0, "citationCount": 0, "partCount": 0, "partOfCount": 0, "versionCount": 0, "versionOfCount": 0, "created": "2015-09-23T21:05:59.000Z", "registered": "2015-09-23T21:06:00.000Z", "published": "2015", "updated": "2020-09-20T22:07:29.000Z"}, "relationships": {"client": {"data": {"id": "umn.drum", "type": "clients"}}}}, {"id": "10.13020/d6301q", "type": "dois", "attributes": {"doi": "10.13020/d6301q", "identifiers": [], "creators": [{"name": "Song, Zewei", "nameType": "Personal", "givenName": "Zewei", "familyName": "Song", "affiliation": [], "nameIdentifiers": []}], "titles": [{"title": "Effort Versus Reward: Preparing samples for fungal community characterization in high-throughput sequencing surveys of soils"}], "publisher": "Data Repository for the University of Minnesota (DRUM)", "container": {}, "publicationYear": 2015, "subjects": [], "contributors": [], "dates": [{"date": "2015", "dateType": "Issued"}], "language": null, "types": {"ris": "DATA", "bibtex": "misc", "citeproc": "dataset", "schemaOrg": "Dataset", "resourceType": "Dataset", "resourceTypeGeneral": "Dataset"}, "relatedIdentifiers": [], "sizes": [], "formats": [], "version": null, "rightsList": [{"rights": "CC0 1.0 Universal", "rightsUri": "http://creativecommons.org/publicdomain/zero/1.0"}], "descriptions": [], "geoLocations": [], "fundingReferences": [], "url": "http://hdl.handle.net/11299/170817", "contentUrl": null, "metadataVersion": 1, "schemaVersion": null, "source": null, "isActive": true, "state": "findable", "reason": null, "viewCount": 0, "downloadCount": 0, "referenceCount": 0, "citationCount": 0, "partCount": 0, "partOfCount": 0, "versionCount": 0, "versionOfCount": 0, "created": "2015-03-30T20:55:46.000Z", "registered": "2015-03-30T20:55:48.000Z", "published": "2015", "updated": "2020-09-20T22:06:44.000Z"}, "relationships": {"client": {"data": {"id": "umn.drum", "type": "clients"}}}}, {"id": "10.13020/d6pp41", "type": "dois", "attributes": {"doi": "10.13020/d6pp41", "identifiers": [], "creators": [{"name": "Bruggeman, Jason E.", "nameType": "Personal", "givenName": "Jason E.", "familyName": "Bruggeman", "affiliation": [], "nameIdentifiers": []}, {"name": "Swem, Ted", "nameType": "Personal", "givenName": "Ted", "familyName": "Swem", "affiliation": [], "nameIdentifiers": []}, {"name": "Andersen, David E.", "nameType": "Personal", "givenName": "David E.", "familyName": "Andersen", "affiliation": [], "nameIdentifiers": []}, {"name": "Kennedy, Patricia L.", "nameType": "Personal", "givenName": "Patricia L.", "familyName": "Kennedy", "affiliation": [], "nameIdentifiers": []}, {"name": "Nigro, Debora", "nameType": "Personal", "givenName": "Debora", "familyName": "Nigro", "affiliation": [], "nameIdentifiers": []}], "titles": [{"title": "Arctic Peregrine Falcon Abundance on Cliffs Along the Colville River, Alaska, 1981-2002 and Covariate Input Files"}], "publisher": "Data Repository for the University of Minnesota (DRUM)", "container": {}, "publicationYear": 2015, "subjects": [], "contributors": [], "dates": [{"date": "2015", "dateType": "Issued"}], "language": null, "types": {"ris": "DATA", "bibtex": "misc", "citeproc": "dataset", "schemaOrg": "Dataset", "resourceType": "Dataset", "resourceTypeGeneral": "Dataset"}, "relatedIdentifiers": [], "sizes": [], "formats": [], "version": null, "rightsList": [{"rights": "CC0 1.0 Universal - Public Domain Dedication", "rightsUri": "http://creativecommons.org/publicdomain/zero/1.0"}], "descriptions": [{"descriptionType": "Abstract"}], "geoLocations": [], "fundingReferences": [], "url": "http://hdl.handle.net/11299/171418", "contentUrl": null, "metadataVersion": 1, "schemaVersion": null, "source": null, "isActive": true, "state": "findable", "reason": null, "viewCount": 0, "downloadCount": 0, "referenceCount": 0, "citationCount": 0, "partCount": 0, "partOfCount": 0, "versionCount": 0, "versionOfCount": 0, "created": "2015-04-20T16:14:39.000Z", "registered": "2015-04-20T16:14:41.000Z", "published": "2015", "updated": "2020-09-20T22:06:41.000Z"}, "relationships": {"client": {"data": {"id": "umn.drum", "type": "clients"}}}}, {"id": "10.13020/d6bc7z", "type": "dois", "attributes": {"doi": "10.13020/d6bc7z", "identifiers": [], "creators": [{"name": "Mokhtarzadeh, Hamid", "nameType": "Personal", "givenName": "Hamid", "familyName": "Mokhtarzadeh", "affiliation": [], "nameIdentifiers": []}, {"name": "Colten, Todd", "nameType": "Personal", "givenName": "Todd", "familyName": "Colten", "affiliation": [], "nameIdentifiers": []}], "titles": [{"title": "Small UAV Position and Attitude, Raw Sensor, and Aerial Imagery Data Collected over Farm Field with Surveyed Markers"}], "publisher": "Data Repository for the University of Minnesota (DRUM)", "container": {}, "publicationYear": 2015, "subjects": [], "contributors": [], "dates": [{"date": "2015", "dateType": "Issued"}], "language": null, "types": {"ris": "DATA", "bibtex": "misc", "citeproc": "dataset", "schemaOrg": "Dataset", "resourceType": "Dataset", "resourceTypeGeneral": "Dataset"}, "relatedIdentifiers": [], "sizes": [], "formats": [], "version": null, "rightsList": [{"rights": "CC0 1.0 Universal Public Domain Dedication", "rightsUri": "http://creativecommons.org/publicdomain/zero/1.0"}], "descriptions": [], "geoLocations": [], "fundingReferences": [], "url": "http://hdl.handle.net/11299/170139", "contentUrl": null, "metadataVersion": 2, "schemaVersion": null, "source": null, "isActive": true, "state": "findable", "reason": null, "viewCount": 0, "downloadCount": 0, "referenceCount": 0, "citationCount": 0, "partCount": 0, "partOfCount": 0, "versionCount": 0, "versionOfCount": 0, "created": "2015-03-04T16:08:37.000Z", "registered": "2015-03-04T16:08:39.000Z", "published": "2015", "updated": "2020-09-20T22:06:38.000Z"}, "relationships": {"client": {"data": {"id": "umn.drum", "type": "clients"}}}}, {"id": "10.13020/d65p4c", "type": "dois", "attributes": {"doi": "10.13020/d65p4c", "identifiers": [], "creators": [{"name": "Goldberg, Louise F.", "nameType": "Personal", "givenName": "Louise F.", "familyName": "Goldberg", "affiliation": [], "nameIdentifiers": []}, {"name": "Harmon, Anna C.", "nameType": "Personal", "givenName": "Anna C.", "familyName": "Harmon", "affiliation": [], "nameIdentifiers": []}], "titles": [{"title": "Two Years of Transient Cold-Climate Building Foundation Hygrothermal Experimental Data"}], "publisher": "Data Repository for the University of Minnesota (DRUM)", "container": {}, "publicationYear": 2015, "subjects": [], "contributors": [], "dates": [{"date": "2015", "dateType": "Issued"}], "language": null, "types": {"ris": "DATA", "bibtex": "misc", "citeproc": "dataset", "schemaOrg": "Dataset", "resourceType": "Dataset", "resourceTypeGeneral": "Dataset"}, "relatedIdentifiers": [], "sizes": [], "formats": [], "version": null, "rightsList": [{"rights": "CC0 1.0 Universal", "rightsUri": "http://creativecommons.org/publicdomain/zero/1.0"}], "descriptions": [{"descriptionType": "Abstract"}], "geoLocations": [], "fundingReferences": [], "url": "http://hdl.handle.net/11299/172341", "contentUrl": null, "metadataVersion": 1, "schemaVersion": null, "source": null, "isActive": true, "state": "findable", "reason": null, "viewCount": 0, "downloadCount": 0, "referenceCount": 0, "citationCount": 0, "partCount": 0, "partOfCount": 0, "versionCount": 0, "versionOfCount": 0, "created": "2015-06-02T19:44:05.000Z", "registered": "2015-06-02T19:44:07.000Z", "published": "2015", "updated": "2020-09-20T22:06:35.000Z"}, "relationships": {"client": {"data": {"id": "umn.drum", "type": "clients"}}}}, {"id": "10.13020/d69g69", "type": "dois", "attributes": {"doi": "10.13020/d69g69", "identifiers": [], "creators": [{"name": "Isaacson, Richard", "nameType": "Personal", "givenName": "Richard", "familyName": "Isaacson", "affiliation": [{"name": "University of Minnesota"}], "nameIdentifiers": []}, {"name": "Borewicz, Klaudyna", "nameType": "Personal", "givenName": "Klaudyna", "familyName": "Borewicz", "affiliation": [{"name": "Laboratory of Microbiology, Wageningen University, Wageningen, Netherlands"}], "nameIdentifiers": []}, {"name": "Kim, Hyeun", "nameType": "Personal", "givenName": "Hyeun", "familyName": "Kim", "affiliation": [{"name": "Department of Animal Resources Science, Dankook University, South Korea"}], "nameIdentifiers": []}, {"name": "Singer, Randall", "nameType": "Personal", "givenName": "Randall", "familyName": "Singer", "affiliation": [], "nameIdentifiers": []}, {"name": "Gebhart, Connie", "nameType": "Personal", "givenName": "Connie", "familyName": "Gebhart", "affiliation": [], "nameIdentifiers": []}, {"name": "Sreevatsan, Srinand", "nameType": "Personal", "givenName": "Srinand", "familyName": "Sreevatsan", "affiliation": [], "nameIdentifiers": []}, {"name": "Johnson, Timothy", "nameType": "Personal", "givenName": "Timothy", "familyName": "Johnson", "affiliation": [], "nameIdentifiers": []}], "titles": [{"title": "Changes in the Porcine Intestinal Microbiome in Response to Infection with Salmonella Enterica and Lawsonia Intracellularis"}], "publisher": "Data Repository for the University of Minnesota (DRUM)", "container": {}, "publicationYear": 2015, "subjects": [], "contributors": [], "dates": [{"date": "2015", "dateType": "Issued"}], "language": null, "types": {"ris": "DATA", "bibtex": "misc", "citeproc": "dataset", "schemaOrg": "Dataset", "resourceType": "Dataset", "resourceTypeGeneral": "Dataset"}, "relatedIdentifiers": [], "sizes": [], "formats": [], "version": null, "rightsList": [{"rights": "CC0 1.0 Universal - Public Domain Dedication", "rightsUri": "http://creativecommons.org/publicdomain/zero/1.0"}], "descriptions": [], "geoLocations": [], "fundingReferences": [], "url": "http://hdl.handle.net/11299/172268", "contentUrl": null, "metadataVersion": 2, "schemaVersion": null, "source": null, "isActive": true, "state": "findable", "reason": null, "viewCount": 0, "downloadCount": 0, "referenceCount": 0, "citationCount": 0, "partCount": 0, "partOfCount": 0, "versionCount": 0, "versionOfCount": 0, "created": "2015-05-27T14:46:51.000Z", "registered": "2015-05-27T14:46:53.000Z", "published": "2015", "updated": "2020-09-20T22:06:08.000Z"}, "relationships": {"client": {"data": {"id": "umn.drum", "type": "clients"}}}}, {"id": "10.13020/d6001s", "type": "dois", "attributes": {"doi": "10.13020/d6001s", "identifiers": [], "creators": [{"name": "Chandler, Val W.", "nameType": "Personal", "givenName": "Val W.", "familyName": "Chandler", "affiliation": [{"name": "Minnesota Geological Survey, University of Minnesota Twin Cities"}], "nameIdentifiers": []}, {"name": "Lively, Richard S.", "nameType": "Personal", "givenName": "Richard S.", "familyName": "Lively", "affiliation": [{"name": "Minnesota Geological Survey, University of Minnesota Twin Cities"}], "nameIdentifiers": []}], "titles": [{"title": "2003 Rock Properties Database: Density, Magnetic Susceptibility, and Natural Remanent Magnetization of Rocks in Minnesota"}], "publisher": "Data Repository for the University of Minnesota (DRUM)", "container": {}, "publicationYear": 2010, "subjects": [], "contributors": [], "dates": [{"date": "2010", "dateType": "Issued"}], "language": null, "types": {"ris": "DATA", "bibtex": "misc", "citeproc": "dataset", "schemaOrg": "Dataset", "resourceType": "Dataset", "resourceTypeGeneral": "Dataset"}, "relatedIdentifiers": [{"relationType": "IsPreviousVersionOf", "relatedIdentifier": "10.13020/d63s3d", "relatedIdentifierType": "DOI"}], "sizes": [], "formats": [], "version": null, "rightsList": [], "descriptions": [], "geoLocations": [], "fundingReferences": [], "url": "http://hdl.handle.net/11299/92942", "contentUrl": null, "metadataVersion": 3, "schemaVersion": null, "source": null, "isActive": true, "state": "findable", "reason": null, "viewCount": 0, "downloadCount": 0, "referenceCount": 0, "citationCount": 0, "partCount": 0, "partOfCount": 0, "versionCount": 0, "versionOfCount": 0, "created": "2015-12-07T14:45:58.000Z", "registered": "2015-12-07T14:45:59.000Z", "published": "2010", "updated": "2020-08-19T21:57:23.000Z"}, "relationships": {"client": {"data": {"id": "umn.drum", "type": "clients"}}}}, {"id": "10.13020/d63s3d", "type": "dois", "attributes": {"doi": "10.13020/d63s3d", "identifiers": [], "creators": [{"name": "Chandler, Val W.", "nameType": "Personal", "givenName": "Val W.", "familyName": "Chandler", "affiliation": [{"name": "Minnesota Geological Survey, University of Minnesota Twin Cities"}], "nameIdentifiers": []}, {"name": "Lively, Richard S.", "nameType": "Personal", "givenName": "Richard S.", "familyName": "Lively", "affiliation": [{"name": "Minnesota Geological Survey, University of Minnesota Twin Cities"}], "nameIdentifiers": []}], "titles": [{"title": "2011 Rock Properties Database: Density, Magnetic Susceptibility, and Natural Remanent Magnetization of Rocks in Minnesota"}], "publisher": "Data Repository for the University of Minnesota (DRUM)", "container": {}, "publicationYear": 2015, "subjects": [], "contributors": [], "dates": [{"date": "2015", "dateType": "Issued"}], "language": null, "types": {"ris": "DATA", "bibtex": "misc", "citeproc": "dataset", "schemaOrg": "Dataset", "resourceType": "Dataset", "resourceTypeGeneral": "Dataset"}, "relatedIdentifiers": [{"relationType": "IsNewVersionOf", "relatedIdentifier": "10.13020/d6001s", "relatedIdentifierType": "DOI"}], "sizes": [], "formats": [], "version": null, "rightsList": [], "descriptions": [], "geoLocations": [], "fundingReferences": [], "url": "http://hdl.handle.net/11299/175581", "contentUrl": null, "metadataVersion": 4, "schemaVersion": null, "source": null, "isActive": true, "state": "findable", "reason": null, "viewCount": 0, "downloadCount": 0, "referenceCount": 0, "citationCount": 0, "partCount": 0, "partOfCount": 0, "versionCount": 0, "versionOfCount": 0, "created": "2015-11-30T15:36:02.000Z", "registered": "2015-11-30T15:36:03.000Z", "published": "2015", "updated": "2020-08-19T21:53:54.000Z"}, "relationships": {"client": {"data": {"id": "umn.drum", "type": "clients"}}}}, {"id": "10.13020/d6c88m", "type": "dois", "attributes": {"doi": "10.13020/d6c88m", "identifiers": [], "creators": [{"name": "Thompson, Sarah J", "nameType": "Personal", "givenName": "Sarah J", "familyName": "Thompson", "affiliation": [], "nameIdentifiers": []}], "titles": [{"title": "Data and R Code for Analyses in \"Grassland birds demonstrate delayed response to large-scale tree removal in central North America\""}], "publisher": "Data Repository for the University of Minnesota (DRUM)", "container": {}, "publicationYear": 2015, "subjects": [], "contributors": [], "dates": [{"date": "2015", "dateType": "Issued"}], "language": null, "types": {"ris": "DATA", "bibtex": "misc", "citeproc": "dataset", "schemaOrg": "Dataset", "resourceType": "Dataset", "resourceTypeGeneral": "Dataset"}, "relatedIdentifiers": [], "sizes": [], "formats": [], "version": null, "rightsList": [], "descriptions": [], "geoLocations": [], "fundingReferences": [], "url": "http://hdl.handle.net/11299/174565", "contentUrl": null, "metadataVersion": 1, "schemaVersion": null, "source": null, "isActive": true, "state": "findable", "reason": null, "viewCount": 0, "downloadCount": 0, "referenceCount": 0, "citationCount": 0, "partCount": 0, "partOfCount": 0, "versionCount": 0, "versionOfCount": 0, "created": "2015-10-19T21:58:03.000Z", "registered": "2015-10-19T21:58:05.000Z", "published": "2015", "updated": "2020-08-19T21:08:24.000Z"}, "relationships": {"client": {"data": {"id": "umn.drum", "type": "clients"}}}}, {"id": "10.13020/d61013", "type": "dois", "attributes": {"doi": "10.13020/d61013", "identifiers": [], "creators": [{"name": "Legge, Gordon E.", "nameType": "Personal", "givenName": "Gordon E.", "familyName": "Legge", "affiliation": [], "nameIdentifiers": []}, {"name": "Gage, Rachel J.", "nameType": "Personal", "givenName": "Rachel J.", "familyName": "Gage", "affiliation": [], "nameIdentifiers": []}, {"name": "Baek, Yihwa", "nameType": "Personal", "givenName": "Yihwa", "familyName": "Baek", "affiliation": [], "nameIdentifiers": []}, {"name": "Bochsler, Tiana M.", "nameType": "Personal", "givenName": "Tiana M.", "familyName": "Bochsler", "affiliation": [], "nameIdentifiers": []}], "titles": [{"title": "Indoor Spatial Updating with Reduced Visual Information"}], "publisher": "Data Repository for the University of Minnesota (DRUM)", "container": {}, "publicationYear": 2015, "subjects": [], "contributors": [], "dates": [{"date": "2015", "dateType": "Issued"}], "language": null, "types": {"ris": "DATA", "bibtex": "misc", "citeproc": "dataset", "schemaOrg": "Dataset", "resourceType": "Dataset", "resourceTypeGeneral": "Dataset"}, "relatedIdentifiers": [], "sizes": [], "formats": [], "version": null, "rightsList": [], "descriptions": [], "geoLocations": [], "fundingReferences": [], "url": "http://hdl.handle.net/11299/174409", "contentUrl": null, "metadataVersion": 2, "schemaVersion": null, "source": null, "isActive": true, "state": "findable", "reason": null, "viewCount": 0, "downloadCount": 0, "referenceCount": 0, "citationCount": 0, "partCount": 0, "partOfCount": 0, "versionCount": 0, "versionOfCount": 0, "created": "2015-09-23T20:58:20.000Z", "registered": "2015-09-23T20:58:21.000Z", "published": "2015", "updated": "2020-08-19T20:57:55.000Z"}, "relationships": {"client": {"data": {"id": "umn.drum", "type": "clients"}}}}, {"id": "10.13020/d6d598", "type": "dois", "attributes": {"doi": "10.13020/d6d598", "identifiers": [], "creators": [{"name": "Owen, Andrew", "nameType": "Personal", "givenName": "Andrew", "familyName": "Owen", "affiliation": [], "nameIdentifiers": []}, {"name": "Levinson, David M", "nameType": "Personal", "givenName": "David M", "familyName": "Levinson", "affiliation": [], "nameIdentifiers": []}, {"name": "Murphy, Brendan", "nameType": "Personal", "givenName": "Brendan", "familyName": "Murphy", "affiliation": [], "nameIdentifiers": []}], "titles": [{"title": "Access Across America: Walk 2014 Data"}], "publisher": "Data Repository for the University of Minnesota (DRUM)", "container": {}, "publicationYear": 2015, "subjects": [], "contributors": [], "dates": [{"date": "2015", "dateType": "Issued"}], "language": null, "types": {"ris": "DATA", "bibtex": "misc", "citeproc": "dataset", "schemaOrg": "Dataset", "resourceType": "Dataset", "resourceTypeGeneral": "Dataset"}, "relatedIdentifiers": [], "sizes": [], "formats": [], "version": null, "rightsList": [], "descriptions": [{"descriptionType": "Abstract"}], "geoLocations": [], "fundingReferences": [], "url": "http://conservancy.umn.edu/handle/11299/173991", "contentUrl": null, "metadataVersion": 1, "schemaVersion": null, "source": null, "isActive": true, "state": "findable", "reason": null, "viewCount": 0, "downloadCount": 0, "referenceCount": 0, "citationCount": 0, "partCount": 0, "partOfCount": 0, "versionCount": 0, "versionOfCount": 0, "created": "2015-08-24T18:04:53.000Z", "registered": "2015-08-24T18:04:54.000Z", "published": "2015", "updated": "2020-08-19T20:50:28.000Z"}, "relationships": {"client": {"data": {"id": "umn.drum", "type": "clients"}}}}, {"id": "10.13020/d6np4q", "type": "dois", "attributes": {"doi": "10.13020/d6np4q", "identifiers": [], "creators": [{"name": "Forster, Jean L.", "nameType": "Personal", "givenName": "Jean L.", "familyName": "Forster", "affiliation": [], "nameIdentifiers": []}], "titles": [{"title": "The Minnesota Adolescent Community Cohort (MACC) Study 2000-2013"}], "publisher": "Data Repository for the University of Minnesota (DRUM)", "container": {}, "publicationYear": 2015, "subjects": [], "contributors": [], "dates": [{"date": "2015", "dateType": "Issued"}], "language": null, "types": {"ris": "DATA", "bibtex": "misc", "citeproc": "dataset", "schemaOrg": "Dataset", "resourceTypeGeneral": "Dataset"}, "relatedIdentifiers": [], "sizes": [], "formats": [], "version": null, "rightsList": [], "descriptions": [], "geoLocations": [], "fundingReferences": [], "url": "http://hdl.handle.net/11299/173277", "contentUrl": null, "metadataVersion": 1, "schemaVersion": null, "source": null, "isActive": true, "state": "findable", "reason": null, "viewCount": 0, "downloadCount": 0, "referenceCount": 0, "citationCount": 0, "partCount": 0, "partOfCount": 0, "versionCount": 0, "versionOfCount": 0, "created": "2015-08-10T15:28:37.000Z", "registered": "2015-08-10T15:28:39.000Z", "published": "2015", "updated": "2020-08-19T20:34:32.000Z"}, "relationships": {"client": {"data": {"id": "umn.drum", "type": "clients"}}}}, {"id": "10.13020/d6201d", "type": "dois", "attributes": {"doi": "10.13020/d6201d", "identifiers": [], "creators": [{"name": "Porter, Samantha T.", "nameType": "Personal", "givenName": "Samantha T.", "familyName": "Porter", "affiliation": [{"name": "University of Minnesota"}], "nameIdentifiers": []}, {"name": "Roussel, Morgan", "nameType": "Personal", "givenName": "Morgan", "familyName": "Roussel", "affiliation": [], "nameIdentifiers": []}, {"name": "Soressi, Marie", "nameType": "Personal", "givenName": "Marie", "familyName": "Soressi", "affiliation": [], "nameIdentifiers": []}], "titles": [{"title": "Three-dimensional digital models of lithic cores from the archaeological site of Les Cottés (France)"}], "publisher": "Data Repository for the University of Minnesota (DRUM)", "container": {}, "publicationYear": 2015, "subjects": [], "contributors": [], "dates": [{"date": "2015", "dateType": "Issued"}], "language": null, "types": {"ris": "DATA", "bibtex": "misc", "citeproc": "dataset", "schemaOrg": "Dataset", "resourceType": "Dataset", "resourceTypeGeneral": "Dataset"}, "relatedIdentifiers": [], "sizes": [], "formats": [], "version": null, "rightsList": [], "descriptions": [{"descriptionType": "Abstract"}], "geoLocations": [], "fundingReferences": [], "url": "http://hdl.handle.net/11299/172480", "contentUrl": null, "metadataVersion": 1, "schemaVersion": null, "source": null, "isActive": true, "state": "findable", "reason": null, "viewCount": 0, "downloadCount": 0, "referenceCount": 0, "citationCount": 0, "partCount": 0, "partOfCount": 0, "versionCount": 0, "versionOfCount": 0, "created": "2015-06-05T13:48:19.000Z", "registered": "2015-06-05T13:48:20.000Z", "published": "2015", "updated": "2020-08-19T19:55:33.000Z"}, "relationships": {"client": {"data": {"id": "umn.drum", "type": "clients"}}}}, {"id": "10.13020/d6z597", "type": "dois", "attributes": {"doi": "10.13020/d6z597", "identifiers": [], "creators": [{"name": "Fieberg, John R.", "nameType": "Personal", "givenName": "John R.", "familyName": "Fieberg", "affiliation": [], "nameIdentifiers": []}], "titles": [{"title": "R Code and Output Supporting: Do Capture and Survey Methods Influence Whether Marked Animals are Representative of Unmarked Animals?"}], "publisher": "Data Repository for the University of Minnesota (DRUM)", "container": {}, "publicationYear": 2015, "subjects": [], "contributors": [], "dates": [{"date": "2015", "dateType": "Issued"}], "language": null, "types": {"ris": "DATA", "bibtex": "misc", "citeproc": "dataset", "schemaOrg": "Dataset", "resourceType": "Dataset", "resourceTypeGeneral": "Dataset"}, "relatedIdentifiers": [], "sizes": [], "formats": [], "version": null, "rightsList": [], "descriptions": [], "geoLocations": [], "fundingReferences": [], "url": "http://hdl.handle.net/11299/170863", "contentUrl": null, "metadataVersion": 1, "schemaVersion": null, "source": null, "isActive": true, "state": "findable", "reason": null, "viewCount": 0, "downloadCount": 0, "referenceCount": 0, "citationCount": 0, "partCount": 0, "partOfCount": 0, "versionCount": 0, "versionOfCount": 0, "created": "2015-04-01T21:19:03.000Z", "registered": "2015-04-01T21:19:04.000Z", "published": "2015", "updated": "2020-08-19T17:20:20.000Z"}, "relationships": {"client": {"data": {"id": "umn.drum", "type": "clients"}}}}, {"id": "10.13020/d66p4p", "type": "dois", "attributes": {"doi": "10.13020/d66p4p", "identifiers": [], "creators": [{"name": "Schilling, Jonathan", "nameType": "Personal", "givenName": "Jonathan", "familyName": "Schilling", "affiliation": [], "nameIdentifiers": []}], "titles": [{"title": "Signature Wood Modifications that Reveal Decomposer Community History"}], "publisher": "Data Repository for the University of Minnesota (DRUM)", "container": {}, "publicationYear": 2015, "subjects": [], "contributors": [], "dates": [{"date": "2015", "dateType": "Issued"}], "language": null, "types": {"ris": "DATA", "bibtex": "misc", "citeproc": "dataset", "schemaOrg": "Dataset", "resourceType": "Dataset", "resourceTypeGeneral": "Dataset"}, "relatedIdentifiers": [], "sizes": [], "formats": [], "version": null, "rightsList": [], "descriptions": [], "geoLocations": [], "fundingReferences": [], "url": "http://hdl.handle.net/11299/169873", "contentUrl": null, "metadataVersion": 1, "schemaVersion": null, "source": null, "isActive": true, "state": "findable", "reason": null, "viewCount": 0, "downloadCount": 0, "referenceCount": 0, "citationCount": 0, "partCount": 0, "partOfCount": 0, "versionCount": 0, "versionOfCount": 0, "created": "2015-03-30T19:41:10.000Z", "registered": "2015-03-30T19:41:12.000Z", "published": "2015", "updated": "2020-08-19T17:20:15.000Z"}, "relationships": {"client": {"data": {"id": "umn.drum", "type": "clients"}}}}, {"id": "10.13020/d6v88z", "type": "dois", "attributes": {"doi": "10.13020/d6v88z", "identifiers": [], "creators": [{"name": "University Of Minnesota Extension Center For Community Vitality, Business Retention", "nameType": "Personal", "givenName": "Business Retention", "familyName": "University Of Minnesota Extension Center For Community Vitality", "affiliation": [], "nameIdentifiers": []}], "titles": [{"title": "Business Retention and Expansion Aggregated Data"}], "publisher": "Data Repository for the University of Minnesota (DRUM)", "container": {}, "publicationYear": 2015, "subjects": [], "contributors": [], "dates": [{"date": "2015", "dateType": "Issued"}], "language": null, "types": {"ris": "DATA", "bibtex": "misc", "citeproc": "dataset", "schemaOrg": "Dataset", "resourceType": "Dataset", "resourceTypeGeneral": "Dataset"}, "relatedIdentifiers": [], "sizes": [], "formats": [], "version": null, "rightsList": [{"rights": "Attribution 3.0 United States", "rightsUri": "http://creativecommons.org/licenses/by/3.0/us"}], "descriptions": [], "geoLocations": [], "fundingReferences": [], "url": "http://hdl.handle.net/11299/175737", "contentUrl": null, "metadataVersion": 1, "schemaVersion": null, "source": null, "isActive": true, "state": "findable", "reason": null, "viewCount": 0, "downloadCount": 0, "referenceCount": 0, "citationCount": 0, "partCount": 0, "partOfCount": 0, "versionCount": 0, "versionOfCount": 0, "created": "2015-12-21T20:00:09.000Z", "registered": "2015-12-21T20:00:10.000Z", "published": "2015", "updated": "2020-07-27T14:44:47.000Z"}, "relationships": {"client": {"data": {"id": "umn.drum", "type": "clients"}}}}, {"id": "10.13020/d6h01f", "type": "dois", "attributes": {"doi": "10.13020/d6h01f", "identifiers": [], "creators": [{"name": "Kaminski, Ted", "nameType": "Personal", "givenName": "Ted", "familyName": "Kaminski", "affiliation": [], "nameIdentifiers": []}, {"name": "Van Wyk, Eric", "nameType": "Personal", "givenName": "Eric", "familyName": "Van Wyk", "affiliation": [], "nameIdentifiers": []}], "titles": [{"title": "A Modular Specification of Oberon0 Using the Silver Attribute Grammar System"}], "publisher": "Data Repository for the University of Minnesota (DRUM)", "container": {}, "publicationYear": 2015, "subjects": [], "contributors": [], "dates": [{"date": "2015", "dateType": "Issued"}], "language": null, "types": {"ris": "GEN", "bibtex": "misc", "citeproc": "article", "schemaOrg": "CreativeWork"}, "relatedIdentifiers": [], "sizes": [], "formats": [], "version": null, "rightsList": [{"rights": "GNU GENERAL PUBLIC LICENSE", "rightsUri": "http://www.gnu.org/licenses/gpl-3.0.en.html"}], "descriptions": [{"descriptionType": "Abstract"}], "geoLocations": [], "fundingReferences": [], "url": "http://hdl.handle.net/11299/174633", "contentUrl": null, "metadataVersion": 1, "schemaVersion": null, "source": null, "isActive": true, "state": "findable", "reason": null, "viewCount": 0, "downloadCount": 0, "referenceCount": 0, "citationCount": 0, "partCount": 0, "partOfCount": 0, "versionCount": 0, "versionOfCount": 0, "created": "2015-10-13T21:18:23.000Z", "registered": "2015-10-13T21:18:24.000Z", "published": "2015", "updated": "2020-07-27T14:04:48.000Z"}, "relationships": {"client": {"data": {"id": "umn.drum", "type": "clients"}}}}, {"id": "10.13020/d6rg6b", "type": "dois", "attributes": {"doi": "10.13020/d6rg6b", "identifiers": [], "creators": [{"name": "Misa, Thomas J.", "nameType": "Personal", "givenName": "Thomas J.", "familyName": "Misa", "affiliation": [], "nameIdentifiers": []}, {"name": "Yost, Jeffrey R.", "nameType": "Personal", "givenName": "Jeffrey R.", "familyName": "Yost", "affiliation": [], "nameIdentifiers": []}], "titles": [{"title": "Charles Babbage Institute: FastLane Oral History Public Archive"}], "publisher": "Data Repository for the University of Minnesota (DRUM)", "container": {}, "publicationYear": 2015, "subjects": [], "contributors": [], "dates": [{"date": "2015", "dateType": "Issued"}], "language": null, "types": {"ris": "DATA", "bibtex": "misc", "citeproc": "dataset", "schemaOrg": "Dataset", "resourceType": "Dataset", "resourceTypeGeneral": "Dataset"}, "relatedIdentifiers": [], "sizes": [], "formats": [], "version": null, "rightsList": [{"rights": "Attribution-NonCommercial-NoDerivs 3.0 United States", "rightsUri": "http://creativecommons.org/licenses/by-nc-nd/3.0/us"}], "descriptions": [{"descriptionType": "Abstract"}], "geoLocations": [], "fundingReferences": [], "url": "http://hdl.handle.net/11299/174487", "contentUrl": null, "metadataVersion": 1, "schemaVersion": null, "source": null, "isActive": true, "state": "findable", "reason": null, "viewCount": 0, "downloadCount": 0, "referenceCount": 0, "citationCount": 0, "partCount": 0, "partOfCount": 0, "versionCount": 0, "versionOfCount": 0, "created": "2015-09-30T21:00:31.000Z", "registered": "2015-09-30T21:00:32.000Z", "published": "2015", "updated": "2020-07-27T13:54:10.000Z"}, "relationships": {"client": {"data": {"id": "umn.drum", "type": "clients"}}}}, {"id": "10.13020/d64s3q", "type": "dois", "attributes": {"doi": "10.13020/d64s3q", "identifiers": [], "creators": [{"name": "Kerrigan, Jill F", "nameType": "Personal", "givenName": "Jill F", "familyName": "Kerrigan", "affiliation": [], "nameIdentifiers": []}, {"name": "Engstrom, Daniel R", "nameType": "Personal", "givenName": "Daniel R", "familyName": "Engstrom", "affiliation": [], "nameIdentifiers": []}, {"name": "Yee, Donald", "nameType": "Personal", "givenName": "Donald", "familyName": "Yee", "affiliation": [], "nameIdentifiers": []}, {"name": "Sueper, Charles", "nameType": "Personal", "givenName": "Charles", "familyName": "Sueper", "affiliation": [], "nameIdentifiers": []}, {"name": "Erickson, Paul R.", "nameType": "Personal", "givenName": "Paul R.", "familyName": "Erickson", "affiliation": [], "nameIdentifiers": []}, {"name": "Grandbois, Matthew", "nameType": "Personal", "givenName": "Matthew", "familyName": "Grandbois", "affiliation": [], "nameIdentifiers": []}, {"name": "McNeill, Kristopher", "nameType": "Personal", "givenName": "Kristopher", "familyName": "McNeill", "affiliation": [], "nameIdentifiers": []}, {"name": "Arnold, William A", "nameType": "Personal", "givenName": "William A", "familyName": "Arnold", "affiliation": [], "nameIdentifiers": []}], "titles": [{"title": "Quantification of Hydroxylated Polybrominated Diphenyl Ethers (OH-BDEs), Triclosan, and Related Compounds in Freshwater and Coastal Systems"}], "publisher": "Data Repository for the University of Minnesota (DRUM)", "container": {}, "publicationYear": 2015, "subjects": [], "contributors": [], "dates": [{"date": "2015", "dateType": "Issued"}], "language": null, "types": {"ris": "DATA", "bibtex": "misc", "citeproc": "dataset", "schemaOrg": "Dataset", "resourceType": "Dataset", "resourceTypeGeneral": "Dataset"}, "relatedIdentifiers": [], "sizes": [], "formats": [], "version": null, "rightsList": [{"rights": "Attribution-NonCommercial 3.0 United States", "rightsUri": "http://creativecommons.org/licenses/by-nc/3.0/us"}], "descriptions": [], "geoLocations": [], "fundingReferences": [], "url": "http://hdl.handle.net/11299/174096", "contentUrl": null, "metadataVersion": 1, "schemaVersion": null, "source": null, "isActive": true, "state": "findable", "reason": null, "viewCount": 0, "downloadCount": 0, "referenceCount": 0, "citationCount": 0, "partCount": 0, "partOfCount": 0, "versionCount": 0, "versionOfCount": 0, "created": "2015-09-01T18:25:35.000Z", "registered": "2015-09-01T18:25:36.000Z", "published": "2015", "updated": "2020-07-27T13:42:01.000Z"}, "relationships": {"client": {"data": {"id": "umn.drum", "type": "clients"}}}}, {"id": "10.13020/d68g60", "type": "dois", "attributes": {"doi": "10.13020/d68g60", "identifiers": [], "creators": [{"name": "David, Aaron S.", "nameType": "Personal", "givenName": "Aaron S.", "familyName": "David", "affiliation": [], "nameIdentifiers": []}], "titles": [{"title": "Fungal Endophytes of Pacific Northwest Beachgrasses Dataset"}], "publisher": "Data Repository for the University of Minnesota (DRUM)", "container": {}, "publicationYear": 2015, "subjects": [], "contributors": [], "dates": [{"date": "2015", "dateType": "Issued"}], "language": null, "types": {"ris": "DATA", "bibtex": "misc", "citeproc": "dataset", "schemaOrg": "Dataset", "resourceType": "Dataset", "resourceTypeGeneral": "Dataset"}, "relatedIdentifiers": [], "sizes": [], "formats": [], "version": null, "rightsList": [{"rights": "Attribution-NonCommercial-NoDerivs 3.0 United States", "rightsUri": "http://creativecommons.org/licenses/by-nc-nd/3.0/us"}], "descriptions": [], "geoLocations": [], "fundingReferences": [], "url": "http://hdl.handle.net/11299/174068", "contentUrl": null, "metadataVersion": 2, "schemaVersion": null, "source": null, "isActive": true, "state": "findable", "reason": null, "viewCount": 0, "downloadCount": 0, "referenceCount": 0, "citationCount": 0, "partCount": 0, "partOfCount": 0, "versionCount": 0, "versionOfCount": 0, "created": "2015-08-27T20:11:58.000Z", "registered": "2015-08-27T20:11:59.000Z", "published": "2015", "updated": "2020-07-27T13:40:26.000Z"}, "relationships": {"client": {"data": {"id": "umn.drum", "type": "clients"}}}}, {"id": "10.13020/d6j01r", "type": "dois", "attributes": {"doi": "10.13020/d6j01r", "identifiers": [], "creators": [{"name": "Gerwig, Katherine", "nameType": "Personal", "givenName": "Katherine", "familyName": "Gerwig", "affiliation": [], "nameIdentifiers": []}, {"name": "Johnston, Lisa R", "nameType": "Personal", "givenName": "Lisa R", "familyName": "Johnston", "affiliation": [], "nameIdentifiers": []}], "titles": [{"title": "Promotional Practices of Research Data Repositories, 2015"}], "publisher": "Data Repository for the University of Minnesota (DRUM)", "container": {}, "publicationYear": 2015, "subjects": [], "contributors": [], "dates": [{"date": "2015", "dateType": "Issued"}], "language": null, "types": {"ris": "DATA", "bibtex": "misc", "citeproc": "dataset", "schemaOrg": "Dataset", "resourceType": "Dataset", "resourceTypeGeneral": "Dataset"}, "relatedIdentifiers": [], "sizes": [], "formats": [], "version": null, "rightsList": [{"rights": " Creative Commons License: Attribution 3.0 United States ", "rightsUri": "http://creativecommons.org/licenses/by/3.0/us"}], "descriptions": [{"descriptionType": "Abstract"}], "geoLocations": [], "fundingReferences": [], "url": "http://hdl.handle.net/11299/173957", "contentUrl": null, "metadataVersion": 1, "schemaVersion": null, "source": null, "isActive": true, "state": "findable", "reason": null, "viewCount": 0, "downloadCount": 0, "referenceCount": 0, "citationCount": 0, "partCount": 0, "partOfCount": 0, "versionCount": 0, "versionOfCount": 0, "created": "2015-08-20T19:44:11.000Z", "registered": "2015-08-20T19:44:13.000Z", "published": "2015", "updated": "2020-07-27T13:37:18.000Z"}, "relationships": {"client": {"data": {"id": "umn.drum", "type": "clients"}}}}, {"id": "10.13020/d6x59x", "type": "dois", "attributes": {"doi": "10.13020/d6x59x", "identifiers": [], "creators": [{"name": "Brink, Christopher", "nameType": "Personal", "givenName": "Christopher", "familyName": "Brink", "affiliation": [], "nameIdentifiers": []}, {"name": "Gosack, Benjamin", "nameType": "Personal", "givenName": "Benjamin", "familyName": "Gosack", "affiliation": [], "nameIdentifiers": []}, {"name": "Kne, Len", "nameType": "Personal", "givenName": "Len", "familyName": "Kne", "affiliation": [], "nameIdentifiers": []}, {"name": "Luo, Yuanyuan", "nameType": "Personal", "givenName": "Yuanyuan", "familyName": "Luo", "affiliation": [], "nameIdentifiers": []}, {"name": "Martin, Christopher", "nameType": "Personal", "givenName": "Christopher", "familyName": "Martin", "affiliation": [], "nameIdentifiers": []}, {"name": "McDonald, Molly", "nameType": "Personal", "givenName": "Molly", "familyName": "McDonald", "affiliation": [], "nameIdentifiers": []}, {"name": "Moore, Michael", "nameType": "Personal", "givenName": "Michael", "familyName": "Moore", "affiliation": [], "nameIdentifiers": []}, {"name": "Munsch, Andrew", "nameType": "Personal", "givenName": "Andrew", "familyName": "Munsch", "affiliation": [], "nameIdentifiers": []}, {"name": "Palka, Stephen", "nameType": "Personal", "givenName": "Stephen", "familyName": "Palka", "affiliation": [], "nameIdentifiers": []}, {"name": "Piernot, Devon", "nameType": "Personal", "givenName": "Devon", "familyName": "Piernot", "affiliation": [], "nameIdentifiers": []}, {"name": "Thiede, Dan", "nameType": "Personal", "givenName": "Dan", "familyName": "Thiede", "affiliation": [], "nameIdentifiers": []}, {"name": "Xie, Yiquan", "nameType": "Personal", "givenName": "Yiquan", "familyName": "Xie", "affiliation": [], "nameIdentifiers": []}, {"name": "Walz, Andrew", "nameType": "Personal", "givenName": "Andrew", "familyName": "Walz", "affiliation": [], "nameIdentifiers": []}], "titles": [{"title": "Solar Insolation, Minnesota (2006-2012)"}], "publisher": "Data Repository for the University of Minnesota (DRUM)", "container": {}, "publicationYear": 2015, "subjects": [{"subject": "climatologyMeteorologyAtmosphere", "subjectScheme": "ISO 19115 Topic Category"}], "contributors": [], "dates": [{"date": "2015", "dateType": "Issued"}], "language": null, "types": {"ris": "DATA", "bibtex": "misc", "citeproc": "dataset", "schemaOrg": "Dataset", "resourceType": "Dataset", "resourceTypeGeneral": "Dataset"}, "relatedIdentifiers": [], "sizes": [], "formats": [], "version": null, "rightsList": [{"rights": "Creative Commons Attribution 3.0 United States", "rightsUri": "http://creativecommons.org/licenses/by/3.0/us"}], "descriptions": [{"description": "The Minnesota Solar Suitability Analysis attempts to provide solar insolation analysis for the entire State of Minnesota. As far as we are aware, it is the only project of its scale in existence; similar studies have been limited to metro areas or focus on rooftop insolation. The project's existence is feasible because of statewide, freely available aerial lidar coverage. And the commitment of the team to work long hours on this unfunded project. The project finds itself at the intersection of renewable energy, big data analysis, geospatial technology, and open data availability. This data provides a measure of incedent solar radiation as it is intercepted by the earth surface, or features (such as vegetation and buildings) standing above the earth surface. The data is intended to be used to assess the suitability of a site for solar panel (photovoltaic cell) installations.", "descriptionType": "Abstract"}], "geoLocations": [], "fundingReferences": [], "url": "http://hdl.handle.net/11299/172642", "contentUrl": null, "metadataVersion": 1, "schemaVersion": null, "source": null, "isActive": true, "state": "findable", "reason": null, "viewCount": 0, "downloadCount": 0, "referenceCount": 0, "citationCount": 0, "partCount": 0, "partOfCount": 0, "versionCount": 0, "versionOfCount": 0, "created": "2015-06-29T15:06:25.000Z", "registered": "2015-06-29T15:06:27.000Z", "published": "2015", "updated": "2020-07-27T13:10:58.000Z"}, "relationships": {"client": {"data": {"id": "umn.drum", "type": "clients"}}}}, {"id": "10.13020/d6sg6n", "type": "dois", "attributes": {"doi": "10.13020/d6sg6n", "identifiers": [], "creators": [{"name": "Brink, Christopher", "nameType": "Personal", "givenName": "Christopher", "familyName": "Brink", "affiliation": [], "nameIdentifiers": []}, {"name": "Gosack, Benjamin", "nameType": "Personal", "givenName": "Benjamin", "familyName": "Gosack", "affiliation": [], "nameIdentifiers": []}, {"name": "Kne, Len", "nameType": "Personal", "givenName": "Len", "familyName": "Kne", "affiliation": [], "nameIdentifiers": []}, {"name": "Luo, Yuanyuan", "nameType": "Personal", "givenName": "Yuanyuan", "familyName": "Luo", "affiliation": [], "nameIdentifiers": []}, {"name": "Martin, Christopher", "nameType": "Personal", "givenName": "Christopher", "familyName": "Martin", "affiliation": [], "nameIdentifiers": []}, {"name": "McDonald, Molly", "nameType": "Personal", "givenName": "Molly", "familyName": "McDonald", "affiliation": [], "nameIdentifiers": []}, {"name": "Moore, Michael", "nameType": "Personal", "givenName": "Michael", "familyName": "Moore", "affiliation": [], "nameIdentifiers": []}, {"name": "Munsch, Andrew", "nameType": "Personal", "givenName": "Andrew", "familyName": "Munsch", "affiliation": [], "nameIdentifiers": []}, {"name": "Palka, Stephen", "nameType": "Personal", "givenName": "Stephen", "familyName": "Palka", "affiliation": [], "nameIdentifiers": []}, {"name": "Piernot, Devon", "nameType": "Personal", "givenName": "Devon", "familyName": "Piernot", "affiliation": [], "nameIdentifiers": []}, {"name": "Thiede, Dan", "nameType": "Personal", "givenName": "Dan", "familyName": "Thiede", "affiliation": [], "nameIdentifiers": []}, {"name": "Xie, Yiquan", "nameType": "Personal", "givenName": "Yiquan", "familyName": "Xie", "affiliation": [], "nameIdentifiers": []}, {"name": "Walz, Andrew", "nameType": "Personal", "givenName": "Andrew", "familyName": "Walz", "affiliation": [], "nameIdentifiers": []}], "titles": [{"title": "Digital Surface Model, Minnesota (2006-2012)"}], "publisher": "Data Repository for the University of Minnesota (DRUM)", "container": {}, "publicationYear": 2015, "subjects": [{"subject": "elevation", "subjectScheme": "ISO 19115 Topic Category"}], "contributors": [], "dates": [{"date": "2015", "dateType": "Issued"}], "language": null, "types": {"ris": "DATA", "bibtex": "misc", "citeproc": "dataset", "schemaOrg": "Dataset", "resourceType": "Dataset", "resourceTypeGeneral": "Dataset"}, "relatedIdentifiers": [], "sizes": [], "formats": [], "version": null, "rightsList": [{"rights": "Creative Commons Attribution 3.0 United States", "rightsUri": "http://creativecommons.org/licenses/by/3.0/us"}], "descriptions": [{"description": "A 1m resolution digital surface model that was generated from raw lidar data.", "descriptionType": "Abstract"}], "geoLocations": [], "fundingReferences": [], "url": "http://hdl.handle.net/11299/172696", "contentUrl": null, "metadataVersion": 1, "schemaVersion": null, "source": null, "isActive": true, "state": "findable", "reason": null, "viewCount": 0, "downloadCount": 0, "referenceCount": 0, "citationCount": 0, "partCount": 0, "partOfCount": 0, "versionCount": 0, "versionOfCount": 0, "created": "2015-06-29T16:02:29.000Z", "registered": "2015-06-29T16:02:30.000Z", "published": "2015", "updated": "2020-07-27T13:09:41.000Z"}, "relationships": {"client": {"data": {"id": "umn.drum", "type": "clients"}}}}, {"id": "10.13020/d6f59k", "type": "dois", "attributes": {"doi": "10.13020/d6f59k", "identifiers": [], "creators": [{"name": "Eck, Daniel J.", "nameType": "Personal", "givenName": "Daniel J.", "familyName": "Eck", "affiliation": [], "nameIdentifiers": []}, {"name": "Shaw, Ruth G.", "nameType": "Personal", "givenName": "Ruth G.", "familyName": "Shaw", "affiliation": [], "nameIdentifiers": []}, {"name": "Geyer, Charles J.", "nameType": "Personal", "givenName": "Charles J.", "familyName": "Geyer", "affiliation": [], "nameIdentifiers": []}, {"name": "Kingsolver, Joel G.", "nameType": "Personal", "givenName": "Joel G.", "familyName": "Kingsolver", "affiliation": [], "nameIdentifiers": []}], "titles": [{"title": "Supporting Data Analysis for \"An Integrated Analysis of Phenotypic Selection on Insect Body Size and Development Time\""}], "publisher": "Data Repository for the University of Minnesota (DRUM)", "container": {}, "publicationYear": 2015, "subjects": [], "contributors": [], "dates": [{"date": "2015", "dateType": "Issued"}], "language": null, "types": {"ris": "DATA", "bibtex": "misc", "citeproc": "dataset", "schemaOrg": "Dataset", "resourceType": "Dataset", "resourceTypeGeneral": "Dataset"}, "relatedIdentifiers": [], "sizes": [], "formats": [], "version": null, "rightsList": [{"rights": "Attribution-ShareAlike 3.0 United States ", "rightsUri": "http://creativecommons.org/licenses/by-sa/3.0/us"}], "descriptions": [{"descriptionType": "Abstract"}], "geoLocations": [], "fundingReferences": [], "url": "http://hdl.handle.net/11299/172272", "contentUrl": null, "metadataVersion": 1, "schemaVersion": null, "source": null, "isActive": true, "state": "findable", "reason": null, "viewCount": 0, "downloadCount": 0, "referenceCount": 0, "citationCount": 0, "partCount": 0, "partOfCount": 0, "versionCount": 0, "versionOfCount": 0, "created": "2015-05-21T14:12:10.000Z", "registered": "2015-05-21T14:12:12.000Z", "published": "2015", "updated": "2020-07-27T04:20:51.000Z"}, "relationships": {"client": {"data": {"id": "umn.drum", "type": "clients"}}}}, {"id": "10.13020/d6k012", "type": "dois", "attributes": {"doi": "10.13020/d6k012", "identifiers": [], "creators": [{"name": "Hofelich Mohr, Alicia", "nameType": "Personal", "givenName": "Alicia", "familyName": "Hofelich Mohr", "affiliation": [], "nameIdentifiers": []}, {"name": "Sell, Andrew", "nameType": "Personal", "givenName": "Andrew", "familyName": "Sell", "affiliation": [], "nameIdentifiers": []}, {"name": "Lindsay, Thomas", "nameType": "Personal", "givenName": "Thomas", "familyName": "Lindsay", "affiliation": [], "nameIdentifiers": []}], "titles": [{"title": "Thinking inside the box: Data from an online Alternative Uses Task with visual manipulation of the survey response box"}], "publisher": "Data Repository for the University of Minnesota (DRUM)", "container": {}, "publicationYear": 2015, "subjects": [], "contributors": [], "dates": [{"date": "2015", "dateType": "Issued"}], "language": null, "types": {"ris": "DATA", "bibtex": "misc", "citeproc": "dataset", "schemaOrg": "Dataset", "resourceType": "Dataset", "resourceTypeGeneral": "Dataset"}, "relatedIdentifiers": [], "sizes": [], "formats": [], "version": null, "rightsList": [{"rights": "Attribution-NonCommercial-ShareAlike 3.0 United States", "rightsUri": "http://creativecommons.org/licenses/by-nc-sa/3.0/us"}], "descriptions": [{"descriptionType": "Abstract"}], "geoLocations": [], "fundingReferences": [], "url": "http://hdl.handle.net/11299/172116", "contentUrl": null, "metadataVersion": 1, "schemaVersion": null, "source": null, "isActive": true, "state": "findable", "reason": null, "viewCount": 0, "downloadCount": 0, "referenceCount": 0, "citationCount": 0, "partCount": 0, "partOfCount": 0, "versionCount": 0, "versionOfCount": 0, "created": "2015-05-06T19:48:57.000Z", "registered": "2015-05-06T19:48:59.000Z", "published": "2015", "updated": "2020-07-27T04:00:12.000Z"}, "relationships": {"client": {"data": {"id": "umn.drum", "type": "clients"}}}}, {"id": "10.13020/d6tg6z", "type": "dois", "attributes": {"doi": "10.13020/d6tg6z", "identifiers": [], "creators": [{"name": "Johnston, Lisa R", "nameType": "Personal", "givenName": "Lisa R", "familyName": "Johnston", "affiliation": [], "nameIdentifiers": []}, {"name": "Bishoff, Carolyn", "nameType": "Personal", "givenName": "Carolyn", "familyName": "Bishoff", "affiliation": [], "nameIdentifiers": []}, {"name": "McGrory, John", "nameType": "Personal", "givenName": "John", "familyName": "McGrory", "affiliation": [], "nameIdentifiers": []}, {"name": "Storino, Chris", "nameType": "Personal", "givenName": "Chris", "familyName": "Storino", "affiliation": [], "nameIdentifiers": []}, {"name": "Swendsrud, Anders", "nameType": "Personal", "givenName": "Anders", "familyName": "Swendsrud", "affiliation": [], "nameIdentifiers": []}], "titles": [{"title": "Analyzed Data Management Plans (DMPs) from Successful University of Minnesota Grants from the National Science Foundation, 2011-2014"}], "publisher": "Data Repository for the University of Minnesota (DRUM)", "container": {}, "publicationYear": 2015, "subjects": [], "contributors": [], "dates": [{"date": "2015", "dateType": "Issued"}], "language": null, "types": {"ris": "DATA", "bibtex": "misc", "citeproc": "dataset", "schemaOrg": "Dataset", "resourceType": "Dataset", "resourceTypeGeneral": "Dataset"}, "relatedIdentifiers": [], "sizes": [], "formats": [], "version": null, "rightsList": [{"rights": "Attribution-NonCommercial-ShareAlike 3.0 United States", "rightsUri": "http://creativecommons.org/licenses/by-nc-sa/3.0/us"}], "descriptions": [], "geoLocations": [], "fundingReferences": [], "url": "http://hdl.handle.net/11299/170875", "contentUrl": null, "metadataVersion": 2, "schemaVersion": null, "source": null, "isActive": true, "state": "findable", "reason": null, "viewCount": 0, "downloadCount": 0, "referenceCount": 0, "citationCount": 0, "partCount": 0, "partOfCount": 0, "versionCount": 0, "versionOfCount": 0, "created": "2015-04-10T21:20:15.000Z", "registered": "2015-04-10T21:20:17.000Z", "published": "2015", "updated": "2020-07-27T03:47:08.000Z"}, "relationships": {"client": {"data": {"id": "umn.drum", "type": "clients"}}}}], "meta": {"total": 28, "totalPages": 1, "page": 1, "states": [{"id": "findable", "title": "Findable", "count": 28}], "resourceTypes": [{"id": "dataset", "title": "Dataset", "count": 27}], "created": [{"id": "2015", "title": "2015", "count": 28}], "published": [{"id": "2015", "title": "2015", "count": 27}, {"id": "2010", "title": "2010", "count": 1}], "registered": [{"id": "2015", "title": "2015", "count": 28}], "providers": [{"id": "umn", "title": "University of Minnesota", "count": 28}], "clients": [{"id": "umn.drum", "title": "Data Repository for the University of Minnesota", "count": 28}], "affiliations": [], "prefixes": [{"id": "10.13020", "title": "10.13020", "count": 28}], "certificates": [], "licenses": [], "schemaVersions": [], "linkChecksStatus": [{"id": "403", "title": "403", "count": 21}, {"id": "200", "title": "200", "count": 7}], "subjects": [{"id": "climatologyMeteorologyAtmosphere", "title": "Climatology Meteorology Atmosphere", "count": 1}, {"id": "elevation", "title": "Elevation", "count": 1}], "fieldsOfScience": [], "citations": [], "views": [], "downloads": []}}