{"data": [{"id": "10.13020/d6kw2d", "type": "dois", "attributes": {"doi": "10.13020/d6kw2d", "identifiers": [], "creators": [{"name": "Hodges, James S.", "nameType": "Personal", "givenName": "James S.", "familyName": "Hodges", "affiliation": [], "nameIdentifiers": []}, {"name": "Michalowicz, Bryan S.", "nameType": "Personal", "givenName": "Bryan S.", "familyName": "Michalowicz", "affiliation": [], "nameIdentifiers": []}], "titles": [{"title": "Public-Use Data from the Obstetrics and Periodontal Therapy (OPT) Study, a randomized trial of periodontal therapy to prevent pre-term birth"}], "publisher": "Data Repository for the University of Minnesota (DRUM)", "container": {}, "publicationYear": 2014, "subjects": [], "contributors": [], "dates": [{"date": "2014", "dateType": "Issued"}], "language": null, "types": {"ris": "DATA", "bibtex": "misc", "citeproc": "dataset", "schemaOrg": "Dataset", "resourceType": "Dataset", "resourceTypeGeneral": "Dataset"}, "relatedIdentifiers": [], "sizes": [], "formats": [], "version": null, "rightsList": [], "descriptions": [], "geoLocations": [], "fundingReferences": [], "url": "http://hdl.handle.net/11299/160551", "contentUrl": null, "metadataVersion": 3, "schemaVersion": null, "source": null, "isActive": true, "state": "findable", "reason": null, "viewCount": 0, "downloadCount": 0, "referenceCount": 0, "citationCount": 0, "partCount": 0, "partOfCount": 0, "versionCount": 0, "versionOfCount": 0, "created": "2014-12-30T18:03:31.000Z", "registered": "2014-12-30T18:03:33.000Z", "published": "2014", "updated": "2020-08-19T17:12:48.000Z"}, "relationships": {"client": {"data": {"id": "umn.drum", "type": "clients"}}}}, {"id": "10.13020/d6vc7m", "type": "dois", "attributes": {"doi": "10.13020/d6vc7m", "identifiers": [], "creators": [{"name": "Anger, Cale T.", "nameType": "Personal", "givenName": "Cale T.", "familyName": "Anger", "affiliation": [], "nameIdentifiers": []}, {"name": "Sueper, Charles", "nameType": "Personal", "givenName": "Charles", "familyName": "Sueper", "affiliation": [], "nameIdentifiers": []}, {"name": "Blumentritt, Dylan J.", "nameType": "Personal", "givenName": "Dylan J.", "familyName": "Blumentritt", "affiliation": [], "nameIdentifiers": []}, {"name": "Mcneill, Kristopher", "nameType": "Personal", "givenName": "Kristopher", "familyName": "Mcneill", "affiliation": [], "nameIdentifiers": []}, {"name": "Engstrom, Daniel R.", "nameType": "Personal", "givenName": "Daniel R.", "familyName": "Engstrom", "affiliation": [], "nameIdentifiers": []}, {"name": "Arnold, William A.", "nameType": "Personal", "givenName": "William A.", "familyName": "Arnold", "affiliation": [], "nameIdentifiers": []}], "titles": [{"title": "Triclosan, Chlorinated Triclosan Derivative, and Dioxin Levels in Minnesota Lakes"}], "publisher": "Data Repository for the University of Minnesota (DRUM)", "container": {}, "publicationYear": 2014, "subjects": [], "contributors": [], "dates": [{"date": "2014", "dateType": "Issued"}], "language": null, "types": {"ris": "DATA", "bibtex": "misc", "citeproc": "dataset", "schemaOrg": "Dataset", "resourceType": "Dataset", "resourceTypeGeneral": "Dataset"}, "relatedIdentifiers": [], "sizes": [], "formats": [], "version": null, "rightsList": [], "descriptions": [], "geoLocations": [], "fundingReferences": [], "url": "http://hdl.handle.net/11299/160749", "contentUrl": null, "metadataVersion": 2, "schemaVersion": null, "source": null, "isActive": true, "state": "findable", "reason": null, "viewCount": 0, "downloadCount": 0, "referenceCount": 0, "citationCount": 0, "partCount": 0, "partOfCount": 0, "versionCount": 0, "versionOfCount": 0, "created": "2014-12-30T17:54:34.000Z", "registered": "2014-12-30T17:54:35.000Z", "published": "2014", "updated": "2020-08-19T17:12:46.000Z"}, "relationships": {"client": {"data": {"id": "umn.drum", "type": "clients"}}}}, {"id": "10.13020/d63w22", "type": "dois", "attributes": {"doi": "10.13020/d63w22", "identifiers": [], "creators": [{"name": "Levinson, David M.", "nameType": "Personal", "givenName": "David M.", "familyName": "Levinson", "affiliation": [], "nameIdentifiers": []}, {"name": "Chen, Wei", "nameType": "Personal", "givenName": "Wei", "familyName": "Chen", "affiliation": [], "nameIdentifiers": []}], "titles": [{"title": "1968 Twin Cities Land Use Map from the Twin Cities Metropolitan Planning Commission, GIS Data Files"}], "publisher": "Data Repository for the University of Minnesota (DRUM)", "container": {}, "publicationYear": 2014, "subjects": [], "contributors": [], "dates": [{"date": "2014", "dateType": "Issued"}], "language": null, "types": {"ris": "DATA", "bibtex": "misc", "citeproc": "dataset", "schemaOrg": "Dataset", "resourceType": "Dataset", "resourceTypeGeneral": "Dataset"}, "relatedIdentifiers": [], "sizes": [], "formats": [], "version": null, "rightsList": [], "descriptions": [{"descriptionType": "Abstract"}], "geoLocations": [], "fundingReferences": [], "url": "http://hdl.handle.net/11299/162666", "contentUrl": null, "metadataVersion": 1, "schemaVersion": null, "source": null, "isActive": true, "state": "findable", "reason": null, "viewCount": 0, "downloadCount": 0, "referenceCount": 0, "citationCount": 0, "partCount": 0, "partOfCount": 0, "versionCount": 0, "versionOfCount": 0, "created": "2014-12-30T17:47:09.000Z", "registered": "2014-12-30T17:47:11.000Z", "published": "2014", "updated": "2020-08-19T17:12:16.000Z"}, "relationships": {"client": {"data": {"id": "umn.drum", "type": "clients"}}}}, {"id": "10.13020/d6059j", "type": "dois", "attributes": {"doi": "10.13020/d6059j", "identifiers": [], "creators": [{"name": "Chen, Wei", "nameType": "Personal", "givenName": "Wei", "familyName": "Chen", "affiliation": [], "nameIdentifiers": []}, {"name": "Levinson, David M.", "nameType": "Personal", "givenName": "David M.", "familyName": "Levinson", "affiliation": [], "nameIdentifiers": []}], "titles": [{"title": "1958 Twin Cities Land Use Map from the Twin Cities Metropolitan Planning Commission, GIS Data Files"}], "publisher": "Data Repository for the University of Minnesota (DRUM)", "container": {}, "publicationYear": 2014, "subjects": [], "contributors": [], "dates": [{"date": "2014", "dateType": "Issued"}], "language": null, "types": {"ris": "DATA", "bibtex": "misc", "citeproc": "dataset", "schemaOrg": "Dataset", "resourceType": "Dataset", "resourceTypeGeneral": "Dataset"}, "relatedIdentifiers": [], "sizes": [], "formats": [], "version": null, "rightsList": [], "descriptions": [], "geoLocations": [], "fundingReferences": [], "url": "http://hdl.handle.net/11299/160503", "contentUrl": null, "metadataVersion": 4, "schemaVersion": null, "source": null, "isActive": true, "state": "findable", "reason": null, "viewCount": 0, "downloadCount": 0, "referenceCount": 0, "citationCount": 0, "partCount": 0, "partOfCount": 0, "versionCount": 0, "versionOfCount": 0, "created": "2014-12-30T17:50:19.000Z", "registered": "2014-12-30T17:50:21.000Z", "published": "2014", "updated": "2020-08-19T17:12:16.000Z"}, "relationships": {"client": {"data": {"id": "umn.drum", "type": "clients"}}}}, {"id": "10.13020/d6cc78", "type": "dois", "attributes": {"doi": "10.13020/d6cc78", "identifiers": [], "creators": [{"name": "Chen, Wei", "nameType": "Personal", "givenName": "Wei", "familyName": "Chen", "affiliation": [], "nameIdentifiers": []}, {"name": "Levinson, David M.", "nameType": "Personal", "givenName": "David M.", "familyName": "Levinson", "affiliation": [], "nameIdentifiers": []}], "titles": [{"title": "1920-1995 Twin Cities State Highway Network"}], "publisher": "Data Repository for the University of Minnesota (DRUM)", "container": {}, "publicationYear": 2014, "subjects": [], "contributors": [], "dates": [{"date": "2014", "dateType": "Issued"}], "language": null, "types": {"ris": "DATA", "bibtex": "misc", "citeproc": "dataset", "schemaOrg": "Dataset", "resourceType": "Dataset", "resourceTypeGeneral": "Dataset"}, "relatedIdentifiers": [], "sizes": [], "formats": [], "version": null, "rightsList": [], "descriptions": [{"descriptionType": "Abstract"}], "geoLocations": [], "fundingReferences": [], "url": "http://hdl.handle.net/11299/162818", "contentUrl": null, "metadataVersion": 1, "schemaVersion": null, "source": null, "isActive": true, "state": "findable", "reason": null, "viewCount": 0, "downloadCount": 0, "referenceCount": 0, "citationCount": 0, "partCount": 0, "partOfCount": 0, "versionCount": 0, "versionOfCount": 0, "created": "2014-12-30T17:43:03.000Z", "registered": "2014-12-30T17:43:04.000Z", "published": "2014", "updated": "2020-08-19T17:12:16.000Z"}, "relationships": {"client": {"data": {"id": "umn.drum", "type": "clients"}}}}, {"id": "10.13020/d67p40", "type": "dois", "attributes": {"doi": "10.13020/d67p40", "identifiers": [], "creators": [{"name": "Levinson, David M.", "nameType": "Personal", "givenName": "David M.", "familyName": "Levinson", "affiliation": [], "nameIdentifiers": []}, {"name": "Chen, Wei", "nameType": "Personal", "givenName": "Wei", "familyName": "Chen", "affiliation": [], "nameIdentifiers": []}], "titles": [{"title": "1978 Twin Cities Land Use Map from the Twin Cities Metropolitan Planning Commission, GIS Data Files"}], "publisher": "Data Repository for the University of Minnesota (DRUM)", "container": {}, "publicationYear": 2014, "subjects": [], "contributors": [], "dates": [{"date": "2014", "dateType": "Issued"}], "language": null, "types": {"ris": "DATA", "bibtex": "misc", "citeproc": "dataset", "schemaOrg": "Dataset", "resourceType": "Dataset", "resourceTypeGeneral": "Dataset"}, "relatedIdentifiers": [], "sizes": [], "formats": [], "version": null, "rightsList": [], "descriptions": [{"descriptionType": "Abstract"}], "geoLocations": [], "fundingReferences": [], "url": "http://hdl.handle.net/11299/162667", "contentUrl": null, "metadataVersion": 1, "schemaVersion": null, "source": null, "isActive": true, "state": "findable", "reason": null, "viewCount": 0, "downloadCount": 0, "referenceCount": 0, "citationCount": 0, "partCount": 0, "partOfCount": 0, "versionCount": 0, "versionOfCount": 0, "created": "2014-12-30T17:45:21.000Z", "registered": "2014-12-30T17:45:23.000Z", "published": "2014", "updated": "2020-08-19T17:11:52.000Z"}, "relationships": {"client": {"data": {"id": "umn.drum", "type": "clients"}}}}, {"id": "10.13020/d6g59w", "type": "dois", "attributes": {"doi": "10.13020/d6g59w", "identifiers": [], "creators": [{"name": "Fieberg, John", "nameType": "Personal", "givenName": "John", "familyName": "Fieberg", "affiliation": [], "nameIdentifiers": []}], "titles": [{"title": "Home range overlap indices implemented using kernel density estimators with plug-in smoothing parameters and Program R."}], "publisher": "Data Repository for the University of Minnesota (DRUM)", "container": {}, "publicationYear": 2014, "subjects": [], "contributors": [], "dates": [{"date": "2014", "dateType": "Issued"}], "language": null, "types": {"ris": "DATA", "bibtex": "misc", "citeproc": "dataset", "schemaOrg": "Dataset", "resourceType": "Dataset", "resourceTypeGeneral": "Dataset"}, "relatedIdentifiers": [], "sizes": [], "formats": [], "version": null, "rightsList": [], "descriptions": [], "geoLocations": [], "fundingReferences": [], "url": "http://hdl.handle.net/11299/163012", "contentUrl": null, "metadataVersion": 1, "schemaVersion": null, "source": null, "isActive": true, "state": "findable", "reason": null, "viewCount": 0, "downloadCount": 0, "referenceCount": 0, "citationCount": 0, "partCount": 0, "partOfCount": 0, "versionCount": 0, "versionOfCount": 0, "created": "2014-12-30T21:34:34.000Z", "registered": "2014-12-30T21:34:37.000Z", "published": "2014", "updated": "2020-08-19T17:11:48.000Z"}, "relationships": {"client": {"data": {"id": "umn.drum", "type": "clients"}}}}, {"id": "10.13020/d6qp4b", "type": "dois", "attributes": {"doi": "10.13020/d6qp4b", "identifiers": [], "creators": [{"name": "Qian, Xinyi", "nameType": "Personal", "givenName": "Xinyi", "familyName": "Qian", "affiliation": [], "nameIdentifiers": []}, {"name": "Schneider, Ingrid E.", "nameType": "Personal", "givenName": "Ingrid E.", "familyName": "Schneider", "affiliation": [], "nameIdentifiers": []}], "titles": [{"title": "State of Sustainability Practices among Minnesota Tourism Businesses, 2007-2013"}], "publisher": "Data Repository for the University of Minnesota (DRUM)", "container": {}, "publicationYear": 2014, "subjects": [], "contributors": [], "dates": [{"date": "2014", "dateType": "Issued"}], "language": null, "types": {"ris": "DATA", "bibtex": "misc", "citeproc": "dataset", "schemaOrg": "Dataset", "resourceType": "Dataset", "resourceTypeGeneral": "Dataset"}, "relatedIdentifiers": [], "sizes": [], "formats": [], "version": null, "rightsList": [], "descriptions": [], "geoLocations": [], "fundingReferences": [], "url": "http://hdl.handle.net/11299/160507", "contentUrl": null, "metadataVersion": 3, "schemaVersion": null, "source": null, "isActive": true, "state": "findable", "reason": null, "viewCount": 0, "downloadCount": 0, "referenceCount": 0, "citationCount": 0, "partCount": 0, "partOfCount": 0, "versionCount": 0, "versionOfCount": 0, "created": "2014-12-30T17:57:07.000Z", "registered": "2014-12-30T17:57:09.000Z", "published": "2014", "updated": "2020-08-19T17:11:42.000Z"}, "relationships": {"client": {"data": {"id": "umn.drum", "type": "clients"}}}}, {"id": "10.13020/d6rp4n", "type": "dois", "attributes": {"doi": "10.13020/d6rp4n", "identifiers": [], "creators": [{"name": "Fieberg, John", "nameType": "Personal", "givenName": "John", "familyName": "Fieberg", "affiliation": [], "nameIdentifiers": []}, {"name": "Mech, David", "nameType": "Personal", "givenName": "David", "familyName": "Mech", "affiliation": [], "nameIdentifiers": []}], "titles": [{"title": "Growth Rates and Variances of Unexploited Wolf Populations in Dynamic Equilibria: Data, R Code, and Supporting Results"}], "publisher": "Data Repository for the University of Minnesota (DRUM)", "container": {}, "publicationYear": 2014, "subjects": [], "contributors": [], "dates": [{"date": "2014", "dateType": "Issued"}], "language": null, "types": {"ris": "DATA", "bibtex": "misc", "citeproc": "dataset", "schemaOrg": "Dataset", "resourceType": "Dataset", "resourceTypeGeneral": "Dataset"}, "relatedIdentifiers": [], "sizes": [], "formats": [], "version": null, "rightsList": [], "descriptions": [{"descriptionType": "Abstract"}], "geoLocations": [], "fundingReferences": [], "url": "http://hdl.handle.net/11299/164048", "contentUrl": null, "metadataVersion": 1, "schemaVersion": null, "source": null, "isActive": true, "state": "findable", "reason": null, "viewCount": 0, "downloadCount": 0, "referenceCount": 0, "citationCount": 0, "partCount": 0, "partOfCount": 0, "versionCount": 0, "versionOfCount": 0, "created": "2014-12-08T16:14:44.000Z", "registered": "2014-12-08T16:14:46.000Z", "published": "2014", "updated": "2020-08-19T17:06:34.000Z"}, "relationships": {"client": {"data": {"id": "umn.drum", "type": "clients"}}}}, {"id": "10.13020/d6wc7x", "type": "dois", "attributes": {"doi": "10.13020/d6wc7x", "identifiers": [], "creators": [{"name": "Erdman, Katherine M.", "nameType": "Personal", "givenName": "Katherine M.", "familyName": "Erdman", "affiliation": [], "nameIdentifiers": []}], "titles": [{"title": "Catalog and Raw Data from the Analysis of the Source of the Douix and Other Gallo-Roman Sanctuaries in Eastern France"}], "publisher": "Data Repository for the University of Minnesota (DRUM)", "container": {}, "publicationYear": 2014, "subjects": [], "contributors": [], "dates": [{"date": "2014", "dateType": "Issued"}], "language": null, "types": {"ris": "DATA", "bibtex": "misc", "citeproc": "dataset", "schemaOrg": "Dataset", "resourceType": "Dataset", "resourceTypeGeneral": "Dataset"}, "relatedIdentifiers": [], "sizes": [], "formats": [], "version": null, "rightsList": [], "descriptions": [], "geoLocations": [], "fundingReferences": [], "url": "http://hdl.handle.net/11299/167932", "contentUrl": null, "metadataVersion": 1, "schemaVersion": null, "source": null, "isActive": true, "state": "findable", "reason": null, "viewCount": 0, "downloadCount": 0, "referenceCount": 0, "citationCount": 0, "partCount": 0, "partOfCount": 0, "versionCount": 0, "versionOfCount": 0, "created": "2014-11-25T20:40:35.000Z", "registered": "2014-11-25T20:40:38.000Z", "published": "2014", "updated": "2020-08-19T17:06:28.000Z"}, "relationships": {"client": {"data": {"id": "umn.drum", "type": "clients"}}}}, {"id": "10.13020/d6h596", "type": "dois", "attributes": {"doi": "10.13020/d6h596", "identifiers": [], "creators": [{"name": "Tainter, Rose", "nameType": "Personal", "givenName": "Rose", "familyName": "Tainter", "affiliation": [], "nameIdentifiers": []}, {"name": "Kingbird-Porter, Margaret", "nameType": "Personal", "givenName": "Margaret", "familyName": "Kingbird-Porter", "affiliation": [], "nameIdentifiers": []}, {"name": "Hermes, Mary", "nameType": "Personal", "givenName": "Mary", "familyName": "Hermes", "affiliation": [], "nameIdentifiers": []}], "titles": [{"title": "\"Laundry Soap\" from the Ojibwe Conversations Archives Project"}], "publisher": "Data Repository for the University of Minnesota (DRUM)", "container": {}, "publicationYear": 2014, "subjects": [], "contributors": [], "dates": [{"date": "2014", "dateType": "Issued"}], "language": null, "types": {"ris": "DATA", "bibtex": "misc", "citeproc": "dataset", "schemaOrg": "Dataset", "resourceType": "Dataset", "resourceTypeGeneral": "Dataset"}, "relatedIdentifiers": [], "sizes": [], "formats": [], "version": null, "rightsList": [{"rights": "Creative Commons Attribution-NonCommercial-ShareAlike 4.0 International License", "rightsUri": "http://creativecommons.org/licenses/by-nc-sa/4.0"}], "descriptions": [{"descriptionType": "Abstract"}], "geoLocations": [], "fundingReferences": [], "url": "http://hdl.handle.net/11299/160534", "contentUrl": null, "metadataVersion": 1, "schemaVersion": null, "source": null, "isActive": true, "state": "findable", "reason": null, "viewCount": 0, "downloadCount": 0, "referenceCount": 0, "citationCount": 0, "partCount": 0, "partOfCount": 0, "versionCount": 0, "versionOfCount": 0, "created": "2014-12-30T17:39:21.000Z", "registered": "2014-12-30T17:39:24.000Z", "published": "2014", "updated": "2020-07-26T20:14:02.000Z"}, "relationships": {"client": {"data": {"id": "umn.drum", "type": "clients"}}}}, {"id": "10.13020/d6mw2q", "type": "dois", "attributes": {"doi": "10.13020/d6mw2q", "identifiers": [], "creators": [{"name": "Owen, Andrew", "nameType": "Personal", "givenName": "Andrew", "familyName": "Owen", "affiliation": [{"name": "University of Minnesota"}], "nameIdentifiers": []}, {"name": "Levinson, David", "nameType": "Personal", "givenName": "David", "familyName": "Levinson", "affiliation": [{"name": "University of Minnesota"}], "nameIdentifiers": []}], "titles": [{"title": "Access Across America: Transit 2014 Data"}], "publisher": "Data Repository for the University of Minnesota (DRUM)", "container": {}, "publicationYear": 2014, "subjects": [], "contributors": [], "dates": [{"date": "2014-12-05T00:13:44Z", "dateType": "Available"}, {"date": "2014", "dateType": "Issued"}], "language": null, "types": {"ris": "DATA", "bibtex": "misc", "citeproc": "dataset", "schemaOrg": "Dataset", "resourceType": "Dataset", "resourceTypeGeneral": "Dataset"}, "relatedIdentifiers": [], "sizes": [], "formats": [], "version": null, "rightsList": [{"rights": "Creative Commons Attribution 4.0 International License", "rightsUri": "http://creativecommons.org/licenses/by/4.0"}], "descriptions": [{"description": "This study examined the accessibility to jobs by transit in 46 of the 50 largest (by population) metropolitan areas in the United States. It is the most detailed evaluation to date of access to jobs by transit, and it allows for a direct comparison of the transit accessibility performance of America’s largest metropolitan areas.", "descriptionType": "Abstract"}], "geoLocations": [], "fundingReferences": [], "url": "http://hdl.handle.net/11299/168064", "contentUrl": null, "metadataVersion": 2, "schemaVersion": null, "source": null, "isActive": true, "state": "findable", "reason": null, "viewCount": 0, "downloadCount": 0, "referenceCount": 0, "citationCount": 0, "partCount": 0, "partOfCount": 0, "versionCount": 0, "versionOfCount": 0, "created": "2014-12-08T21:45:14.000Z", "registered": "2014-12-08T21:45:16.000Z", "published": "2014", "updated": "2020-07-26T18:21:53.000Z"}, "relationships": {"client": {"data": {"id": "umn.drum", "type": "clients"}}}}, {"id": "10.13020/d6159v", "type": "dois", "attributes": {"doi": "10.13020/d6159v", "identifiers": [], "creators": [{"name": "Tessum, Christopher W.", "nameType": "Personal", "givenName": "Christopher W.", "familyName": "Tessum", "affiliation": [], "nameIdentifiers": []}, {"name": "Hill, Jason D.", "nameType": "Personal", "givenName": "Jason D.", "familyName": "Hill", "affiliation": [], "nameIdentifiers": []}, {"name": "Marshall, Julian D.", "nameType": "Personal", "givenName": "Julian D.", "familyName": "Marshall", "affiliation": [], "nameIdentifiers": []}], "titles": [{"title": "Data and visualizations of air quality impacts of conventional and alternative light-duty transportation in the United States"}], "publisher": "Data Repository for the University of Minnesota (DRUM)", "container": {}, "publicationYear": 2014, "subjects": [], "contributors": [], "dates": [{"date": "2014", "dateType": "Issued"}], "language": null, "types": {"ris": "DATA", "bibtex": "misc", "citeproc": "dataset", "schemaOrg": "Dataset", "resourceType": "Dataset", "resourceTypeGeneral": "Dataset"}, "relatedIdentifiers": [], "sizes": [], "formats": [], "version": null, "rightsList": [{"rights": "Creative Commons Attribution-NonCommercial-ShareAlike 3.0 United States", "rightsUri": "http://creativecommons.org/licenses/by-nc-sa/3.0/us"}], "descriptions": [{"descriptionType": "Abstract"}], "geoLocations": [], "fundingReferences": [], "url": "http://hdl.handle.net/11299/167997", "contentUrl": null, "metadataVersion": 1, "schemaVersion": null, "source": null, "isActive": true, "state": "findable", "reason": null, "viewCount": 0, "downloadCount": 0, "referenceCount": 0, "citationCount": 0, "partCount": 0, "partOfCount": 0, "versionCount": 0, "versionOfCount": 0, "created": "2014-11-25T17:28:37.000Z", "registered": "2014-11-25T17:28:39.000Z", "published": "2014", "updated": "2020-07-26T18:09:33.000Z"}, "relationships": {"client": {"data": {"id": "umn.drum", "type": "clients"}}}}], "meta": {"total": 13, "totalPages": 1, "page": 1, "states": [{"id": "findable", "title": "Findable", "count": 13}], "resourceTypes": [{"id": "dataset", "title": "Dataset", "count": 13}], "created": [{"id": "2014", "title": "2014", "count": 13}], "published": [{"id": "2014", "title": "2014", "count": 13}], "registered": [{"id": "2014", "title": "2014", "count": 13}], "providers": [{"id": "umn", "title": "University of Minnesota", "count": 13}], "clients": [{"id": "umn.drum", "title": "Data Repository for the University of Minnesota", "count": 13}], "affiliations": [], "prefixes": [{"id": "10.13020", "title": "10.13020", "count": 13}], "certificates": [], "licenses": [], "schemaVersions": [], "linkChecksStatus": [{"id": "403", "title": "403", "count": 10}, {"id": "200", "title": "200", "count": 3}], "subjects": [], "fieldsOfScience": [], "citations": [], "views": [], "downloads": []}}